Workbook

Sheet Data_QenP_Demer2020
A1: Datum_tijd | B1: P (mm/h) | C1: Q (m3/s) | D1: P (m3/h) | E1: Q (m3/h) | G1: Opervlakte = | H1: 1907 km2
A2: 43831 | B2: 0 | C2: 11.9
A3: =A2+TIME(1,0,0) -> 43831.042 | B3: 0 | C3: 11.93
A4: =A3+TIME(1,0,0) -> 43831.083 | B4: 0 | C4: 12.02
A5: =A4+TIME(1,0,0) -> 43831.125 | B5: 0 | C5: 12.12
A6: =A5+TIME(1,0,0) -> 43831.167 | B6: 0 | C6: 12.23
A7: =A6+TIME(1,0,0) -> 43831.208 | B7: 0 | C7: 12.34
A8: =A7+TIME(1,0,0) -> 43831.25 | B8: 0 | C8: 12.43
A9: =A8+TIME(1,0,0) -> 43831.292 | B9: 0 | C9: 12.48
A10: =A9+TIME(1,0,0) -> 43831.333 | B10: 0 | C10: 12.5
A11: =A10+TIME(1,0,0) -> 43831.375 | B11: 0 | C11: 12.49
A12: =A11+TIME(1,0,0) -> 43831.417 | B12: 0 | C12: 12.48
A13: =A12+TIME(1,0,0) -> 43831.458 | B13: 0 | C13: 12.44
A14: =A13+TIME(1,0,0) -> 43831.5 | B14: 0 | C14: 12.41
... A8785: =A8784+TIME(1,0,0) -> 44196.958 | B8785: 0 | C8785: 20.19

Sheet Data_QenP_Demer2023
A1: Datum_tijd | B1: P (mm/h) | C1: Q (m3/s) | D1: P (m3/h) | E1: Q (m3/h) | G1: Opervlakte = | H1: 1907 km2
A2: 44927 | B2: 0 | C2: 23.49
A3: =A2+TIME(1,0,0) -> 44927.042 | B3: 0 | C3: 23.23
A4: =A3+TIME(1,0,0) -> 44927.083 | B4: 0 | C4: 22.93
A5: =A4+TIME(1,0,0) -> 44927.125 | B5: 0 | C5: 22.64
A6: =A5+TIME(1,0,0) -> 44927.167 | B6: 0 | C6: 22.35
A7: =A6+TIME(1,0,0) -> 44927.208 | B7: 0 | C7: 22.1
A8: =A7+TIME(1,0,0) -> 44927.25 | B8: 0 | C8: 21.81
A9: =A8+TIME(1,0,0) -> 44927.292 | B9: 0 | C9: 21.59
A10: =A9+TIME(1,0,0) -> 44927.333 | B10: 0 | C10: 21.36
A11: =A10+TIME(1,0,0) -> 44927.375 | B11: 0 | C11: 21.13
A12: =A11+TIME(1,0,0) -> 44927.417 | B12: 0 | C12: 20.9
A13: =A12+TIME(1,0,0) -> 44927.458 | B13: 0 | C13: 20.68
A14: =A13+TIME(1,0,0) -> 44927.5 | B14: 0 | C14: 20.46
... A8761: =A8760+TIME(1,0,0) -> 45291.958 | B8761: 0 | C8761: 37.56

Sheet vraag2-4
A1: Datum_tijd | B1: Time (h) from start of precipitation | C1: Precipitation (m3/h) | D1: Precipitation (mm/h) | E1: Observed flow (m3/h) | F1: Baseflow (m3/h) | G1: Direct runoff (m3/h) | H1: Unit hydrograph (-) | I1: Effective precipitation (mm/h; > 0) | K1: phi-index (mm/h)
A2: =Data_QenP_Demer2020!A3932 -> 43994.75 | B2: 0
A3: =Data_QenP_Demer2020!A3933 -> 43994.792 | B3: 0
A4: =Data_QenP_Demer2020!A3934 -> 43994.833 | B4: 0
A5: =Data_QenP_Demer2020!A3935 -> 43994.875 | B5: 1
I12: Sum effective P =

Sheet vraag5
A1: Datum_tijd | B1: Precipitation (mm/h) | C1: Precipitation (m3/h) | D1: Observed flow (m3/h) | E1: Simulated flow (m3/h) | F1: Unit hydrograph vraag 3.b (-) | G1: Effective precipitation (m3/h; > 0) | I1: phi-index (m3/h) vraag 2.b
A2: =Data_QenP_Demer2023!A6867 -> 45213.042
G5: Sum effective P =
I14: #
